,type,title,description,viewCount,lengthText,isLive,country,date
0,video,lofi hip hop radio ğŸ“š beats to relax/study to,"ğŸ¼ | Listen on Spotify, Apple music and more
â†’  https://fanlink.tv/lofigirl-music

 ğŸƒ | New Halloween Radio is out now!
â†’  https://www.youtube.com/watch?v=a5sdsbGKz8U&ab_channel=LofiGirl...",20156,LIVE,True,ES,2024-10-13
1,shorts_listing,Shorts,,,,,ES,2024-10-13
2,video_listing,Trending,,,,,ES,2024-10-13
3,shorts_listing,Shorts,,,,,ES,2024-10-13
4,video,"Music for Studying , Focus Music - 12 Hours of Ambient Study Music to Concentrate & Focus Memory #21","Music for Studying , Focus Music - 12 Hours of Ambient Study Music to Concentrate & Focus Memory #21

Enjoy these 12 of deep focus music to improve concentration while studying with a beautiful...",239487,10:10:12,,ES,2024-10-13
5,video,[GMOD]Various banana cats?/è‰²ã‚“ãªãƒãƒŠãƒŠçŒ«ï¼Ÿ#gmod #bananacat,"Hi!
This is the first compilation in a while!
Thank you for always watching my videos! If you like it, please subscribe to my channel and rate it highly!

ã“ã‚“ã«ã¡ã¯ï¼
ä»Šå›ã¯ä¹…ã—ã¶ã‚Š...",320,13:57,,ES,2024-10-13
6,video,Chicago Marathon 2024: WATCH LIVE (FULL VIDEO),"More than 50,000 runners -- and over a million spectators and supporters -- will flood the streets of Chicago this weekend for the 2024 Bank of America Chicago Marathon.

NBC Chicago and Telemundo...",22994,LIVE,True,ES,2024-10-13
7,video,"Sweet Autumn Jazz Tunes ğŸ‚ Rooftop Cafe Shop Ambience ~ Calm and Relaxing Music for Work, Study","Sweet Autumn Jazz Tunes ğŸ‚ Rooftop Cafe Shop Ambience ~ Calm and Relaxing Music for Work, Study
ğŸ§ Listen on Spotify: https://spoti.fi/3Xy2tWv

ğŸ§ Sweet jazz melodies resound on the cafe's...",426620,3:38:03,,ES,2024-10-13
8,video,Best of Tchaikovsky - Classical Music Gems,"Tchaikovskyâ€™s music is a journey through the heart, filled with intense passion, sweeping melodies, and dramatic contrasts. From the grandeur of his symphonies to the delicate beauty of his...",669875,2:59:44,,ES,2024-10-13
9,video,"Best Classic Rock Songs 70s 80s 90s ğŸ”¥ Guns N' Roses, Aerosmith, Bon Jovi, Metallica, Queen, ACDC, U2","https://youtu.be/YpZLZxTHuRE
---------------------------------------------------------------
ğŸ’™ Thanks for Watching! ğŸ’™
If you enjoyed the video, please give us a thumbs up and share it...",385661,3:10:48,,ES,2024-10-13
10,video,#137 - â€œInfiltrÃ© a una PolicÃ­a en la Banda de ETAâ€,"Aprovecha y Disfruta de Cyberghostvnp con nuestro descuento: https://www.cyberghostvpn.com/WORLDCAST

Esperamos que lo disfruten!

SÃ­guenos en:

-Spotify: https://open.spotify.com/show/5hiPtlv......",176368,1:06:33,,ES,2024-10-13
11,video,Obungalos return,,245,0:44,,ES,2024-10-13
12,video,"MÃºsica para Estudiar, Trabajar e Inspirarse â˜¯ MÃºsica para Mejorar la ConcentraciÃ³n","MÃºsica para Estudiar, Trabajar e Inspirarse â˜¯ MÃºsica para Mejorar la ConcentraciÃ³n

ğŸ’šSuscrÃ­bete para estar al dÃ­a de todas nuestras publicaciones: https://spoti.fi/3rgT0FI

Descubre...",3893853,11:54:56,,ES,2024-10-13
13,video,Stunning videos show devastating aftermath of Hurricane Milton,Floridians are picking up the pieces after Milton made landfall Wednesday evening. CNN talks to reporters on the ground and residents as they survey the damage done. Watch CNNâ€™s coverage:...,1036540,28:59,,ES,2024-10-13
14,video,EL LADO de la HISTORIA que NADIE CONTÃ“ | Michael Jackson | BiografÃ­a y Reflexiones,"Un Ã­cono musical y una figura trÃ¡gicamente incomprendida. Desde su infancia en los Jackson 5 hasta su ascenso como el Rey del Pop, esta biografÃ­a revela su genio creativo y cÃ³mo fue vÃ­ctima...",13376396,23:25,,ES,2024-10-13
15,video,WORK MUSIC - 1 Hour of Ultimate Work Music for Deep Focus and Efficiency,"WORK MUSIC - 1 Hour of Ultimate Work Music for Deep Focus and Efficiency

Welcome to Deep Chill Music's ""WORK MUSIC - 1 Hour of Ultimate Work Music for Deep Focus and Efficiency""! This specially...",1511340,1:10:37,,ES,2024-10-13
16,video,Ø§Ù„Ù‚Ø§Ø±Ø¦ Ø§Ù„Ø´ÙŠØ® :  Ù…Ø§Ù‡Ø± Ø§Ù„Ù…Ø¹ÙŠÙ‚Ù„ÙŠ Ø³ÙˆØ±Ø© Ø§Ù„Ø¨Ù‚Ø±Ø© ||  Sourat Albaqarah  Sheikh: Maher Al Muaiqly,"Ø§Ù„Ù‚Ø§Ø±Ø¦ Ø§Ù„Ø´ÙŠØ® :  Ù…Ø§Ù‡Ø± Ø§Ù„Ù…Ø¹ÙŠÙ‚Ù„ÙŠ Ø³ÙˆØ±Ø© Ø§Ù„Ø¨Ù‚Ø±Ø© ||  Sourat Albaqarah  Sheikh: Maher Al Mueaqly

#quran  #qurantilawat
#Ø§Ù„Ù‚Ø±Ø§Ù† 
#Ø§Ù„Ù‚Ø±Ø§Ù†_Ø§Ù„ÙƒØ±ÙŠÙ…
#qurantila...",7721508,1:48:01,,ES,2024-10-13
17,video,"Elton John, Phil Collins, Bee Gees, Rod Stewart ğŸ¶ Most Beautiful Soft Rock Songs Collection","Elton John, Phil Collins, Bee Gees, Rod Stewart ğŸ¶ Most Beautiful Soft Rock Songs Collection
https://youtu.be/P6ZvIn59nWw
Â© Follow Soft Rock Melodies
ğŸ“¢ Subscribe to the channel here:...",369885,3:01:29,,ES,2024-10-13
18,video,REACCIONANDO A VUESTRAS ANÃ‰CDOTAS ğŸº ft. SpokSponha - Menuda Cebada #1,"Estrenamos programa con Mahou. Menudas historias. Menudos invitados. Se vienen cosas. 
Enhorabuena a las historias ganadoras de este primer programa:
1. La de los chorretones
2. La de Viggo...",318342,44:42,,ES,2024-10-13
19,video,Traveling to the Least Visited Country in the World ! Tuvalu ğŸ‡¹ğŸ‡»,"This tiny nation is known as the least visited country in the world, attracting only around 3,700 tourists each year, and is the fourth smallest country in the world.
Itâ€™s an island country...",1962147,15:50,,ES,2024-10-13
20,video,"â›ˆï¸ 2-HOUR STUDY WITH ME ON A STORMY DAY | ğŸ¹ Calm Piano, Pomodoro 50/10","Hi friends! Welcome to the first Study With Me session in September! Before the typhoon arrives, let's dedicate two hours to studying with me.
ChÃ o má»«ng cÃ¡c báº¡n Ä‘Ã£ Ä‘áº¿n vá»›i buá»•i...",465975,2:02:18,,ES,2024-10-13
21,video,Detroit Lions vs. Dallas Cowboys FULL GAME | NFL 2014 Season Wild Card,"With NFL+, catch all the action and stream live local and primetime games on mobile devices all the way from the regular season through the playoffs. Visit Plus.NFL.com to learn more. Subscribe...",78095,1:54:04,,ES,2024-10-13
22,video,Tomorrowland Brasil 2024 LIVE,"Prepare for incredible performances at Tomorrowland Brasil 2024, follow the Magic now live. Together with Budweiser and Pragmatic Play.

Timetable
23h50 - 00h50 Timmy Trumpet
22h45 - 23h50...",,LIVE,True,ES,2024-10-13
