,type,title,channelTitle,description,viewCount,publishDate,lengthText,country,date
0,video_listing,yungatita,,,,,,US,2024-10-10
1,video,Hurricane Milton: Tornado sweeps over bridge during meteorologist's live report,FOX 4 Now,Fox 4 Meteorologist Trent Aric was live on air as an apparent tornado sweeped over the Matlacha Bridge. Conditions deteriorated rapidly on Wednesday as Hurricane Milton approached.,6531739,2024-10-09,4:23,US,2024-10-10
2,video,Port Antonio,J. Cole,,1018056,2024-10-09,5:17,US,2024-10-10
3,shorts_listing,Trending Shorts,,,,,,US,2024-10-10
4,video,Multiple deaths confirmed after Hurricane Milton makes landfall in Florida,CBS New York,"Hurricane Milton made landfall as a Category 3 storm Wednesday, and it has already claimed lives. Rob Marciano, Lonnie Quinn, Dick Brennan and Alecia Reid report.",1202619,2024-10-09,9:54,US,2024-10-10
5,video,"In Tampa & Sarasota, Hurricane Milton damage comes before landfall; Tornadoes hit South Florida, too",Sarasota Herald-Tribune,"Before Hurricane Milton made landfall in Siesta Key on Oct. 9, strong winds and rain from the storm impacted both Tampa and Sarasota. Tornadoes also left damage in Fort Myers and Broward County, too.",1153139,2024-10-09,10:01,US,2024-10-10
6,video,Hurricane Milton: Fort Myers Beach Suspends Emergency Services as storm surge rises,FOX 4 Now,Hurricane Milton: Fort Myers Beach Suspends Emergency Services as storm surge rises,1129128,2024-10-09,4:03,US,2024-10-10
7,video,Nintendo Sound Clock: Alarmo ‚Äì Announcement Trailer,Nintendo of America,"Introducing Nintendo Sound Clock: Alarmo, an interactive alarm clock that‚Äôs out of the ordinary! Alarmo responds to your body‚Äôs movement with game sounds, so you can feel like you‚Äôre...",1388800,2024-10-09,4:48,US,2024-10-10
8,video,"Hurricane Milton makes landfall on Florida's Gulf coast, storm surge warnings in effect",NBC News,"NBC News' Angie Lassman provides an updated forecast, Stephanie Gosk reports from Tampa, and a Sarasota County official joins News NOW as Hurricane Milton makes landfall.

¬ª Subscribe to NBC...",2853499,2024-10-09,21:07,US,2024-10-10
9,video,Southwest Florida Weather Forecast,WINK News,"Oct 9, 2024",677841,2024-10-09,9:05,US,2024-10-10
10,video,Destiny 2 Dungeon Trailer | Vesper‚Äôs Host,Destiny 2,"Investigate unknown transmissions intercepted from a derelict Braytech station. New Dungeon: Vesper‚Äôs Host.

Available October 11, 2024, with The Final Shape‚Äôs Dungeon Key.

üåå https://bung.i...",378667,2024-10-09,0:52,US,2024-10-10
11,video,JENNIE - ‚ÄòMantra‚Äô Official MV Teaser,JENNIE,"JENNIE - ‚ÄòMantra‚Äô Official MV Teaser

OCTOBER 10 @ 8PM EDT
OCTOBER 11 @ 9AM KST

Pre-Save: https://jenn.ie

#JENNIE #Mantra #Ï†úÎãà",1572938,2024-10-09,0:16,US,2024-10-10
12,video,Latest details on Hurricane Milton with landfall expected in Florida,CBS News,"Mass evacuations are underway in Florida as Hurricane Milton moves across the Gulf Coast toward the state. CBS News correspondent Tom Hanson reports on the scene in Florida, Sarasota County...",890423,2024-10-09,10:24,US,2024-10-10
13,video,"Hurricane Milton Evacuation CHAOS Gas Lines, Last Minute Scramble!",Jonathan Petramala,"Hurricane Helene's wrath is fresh, but a new storm, Milton, threatens!  With no time to rest, THOUSANDS scramble to evacuate Tampa Bay.  I take you inside the evacuations, the gas shortages...",3692055,2024-10-08,8:53,US,2024-10-10
14,video,DEJI REACTS TO KSI - Thick Of It (feat. Trippie Redd),Deji,"What did you think of KSI's new song, like for more content!

Deji TikTok : https://www.tiktok.com/@deji

DejiClip : https://www.tiktok.com/@dejiclip

Follow My Socials:
Instagram ‚ñ∫   / https://w...",1246000,2024-10-09,9:26,US,2024-10-10
15,video,GO? NO! STOP! | Chained Together - Part 8,Markiplier,"We're back again from the past in the future to get even closer to the finish line!

LISTEN TO DISTRACTIBLE ‚ñ∫‚ñ∫ https://open.spotify.com/show/2X40qLyoj1wQ2qE5FVpA7x

Edited By ‚ñ∫  @Diceroll...",845025,2024-10-09,35:43,US,2024-10-10
16,video,"so, i tried to watch the Minions movie...",Alex Meyers,"Go to https://surfshark.com/meyers for 4 extra months of Surfshark

‚òÖ‚òÜ‚òÖ Help Me Get to 4,000,000 Subscribers! http://bit.ly/1Iqsdaq

‚òÖ‚òÜ‚òÖBuy some Merch:  alexmeyers.teemill.com
...",236603,2024-10-09,16:38,US,2024-10-10
17,video,Why we CAN'T EVACUATE for Hurricane Milton!,Adventures with Becky,"#preparingforhurricanemilton #floridahurricaneseason #floridaadventures 

Love adventures and seeing gorgeous travel spots that are free, cheap, or budget friendly? Then stick with me as I...",614051,2024-10-09,14:23,US,2024-10-10
18,video,The Mar√≠as: Tiny Desk Concert,NPR Music,"This Sept. 15 to Oct. 15, NPR Music celebrates artists from all corners of Latinidad with an 'El Tiny' takeover.

Anamaria Sayre | October 9, 2024
Fresh off the release of its latest album...",129617,2024-10-09,19:51,US,2024-10-10
19,video,"I built an Ai Comedy Bot, but he kept getting depressed",DougDougDoug,"THIS is how you optimize humor in your Twitch Chat. 

Streaming live on Twitch! https://www.twitch.tv/dougdoug
Full stream recording: https://www.youtube.com/watch?v=FzM8u9m8uDA

MAIN CHANNEL:...",587266,2024-10-09,27:56,US,2024-10-10
20,video,24 Hours In Germany,Duke Dennis,"Duke Dennis finally returns to Germany to experience it for the first time
Follow me on Instagram: DukeDennis
Follow me on Twitter: Imdukedennis",883839,2024-10-09,26:59,US,2024-10-10
21,video,Something important.,TommyInnit,"Oh my gosh I can't believe it's finally time... This project has been such a long time in the works. I really think you will love it. Thank you so much for supporting me no matter what I do,...",1830652,2024-10-09,8:23,US,2024-10-10
22,video,2025 Porsche Spyder RS Review // We Are Now Deaf,Throttle House,"Check out the clothes we‚Äôve been wearing here: https://glnk.io/3vzrq/thethrottlehouse652

The 2025 Porsche Spyder RS ($192,600 starting in Canada, $164,200 starting in the US) is a mid-engine...",329667,2024-10-09,21:11,US,2024-10-10
23,video,Progress Update + Time with Family!,Jana Duggar,"Kitchen renovation is coming along! Wedding dress is off to alterations, and I‚Äôm squeezing in quality time with family between wedding planning!",158955,2024-10-09,11:09,US,2024-10-10
24,video,‚ÄúAbsolutely Stunned!‚Äù ‚Äì Jets Fan Rich Eisen Reacts to Robert Saleh‚Äôs Firing | The Rich Eisen Show,The Rich Eisen Show,"Rich Eisen weighs in on the Jets‚Äô ‚Äùshocking‚Äù firing of head coach Robert Saleh after a 2-3 start to the season and going 20-36 overall in his tenure in New York.

Tune in to the Emmy-nominate...",438401,2024-10-09,13:11,US,2024-10-10
25,video,Duracell PowerCheck: A genius idea which didn't last that long,Technology Connections,"Press dots to check.
The referenced Tedium article:
https://tedium.co/2021/01/20/on-battery-power-meter-history/

other links 'n' stuff
Technology Connections on Bluesky:
https://bsky.app/profile/t...",1389267,2024-10-09,16:13,US,2024-10-10
26,video,How To Win More Fights! How To Teleport & Counter ‚Ä¢ Dragon Ball Sparking Zero - Beginners Guide,Dear Gamer,"How To Win More Fights! How To Teleport & Counter ‚Ä¢ Dragon Ball Sparking Zero - Beginners Guide
Check Out Our Livestream! ‚ûú https://www.twitch.tv/deargamer 
Join Our Discord ‚ûú https://discord...",108021,2024-10-09,10:42,US,2024-10-10
27,video,Historic Hurricane Milton Threatens Florida With Catastrophic Damage,FOX Weather,"Mandatory evacuations are underway across the west coast of Florida as millions of residents prepare for life-threatening impacts from Hurricane Milton, which continues to rapidly intensify...",1418003,2024-10-08,10:48,US,2024-10-10
28,video,LISA - MOONLIT FLOOR (Official Performance Video),LLOUD Official,"Listen to ‚ÄúMoonlit Floor‚Äù now - https://lisa.lnk.to/MoonlitFloor 

Follow LISA: 
http://www.instagram.com/lalalalisa_m https://www.tiktok.com/@lalalalisa_m https://www.youtube.com/@lalalalisa_m...",3502117,2024-10-09,2:37,US,2024-10-10
29,video,Fortnitemares 2024 Cinematic Short,Fortnite,"Trick or RETREAT. Fortnitemares returns on October 11th.

Play Fortnite Battle Royale, the completely free 100-player PvP mode. One giant map, A Battle Bus, Last one standing wins. ESRB Rating:...",1023118,2024-10-09,0:24,US,2024-10-10
30,video,Hurricane Milton shifts slightly south; now expected to hit Florida coast as Category 4 storm,CBS19,"CBS19 News is available on-demand with the CBS19+ app! Download it for free on ROKU, Amazon Fire and Apple TV!",494843,2024-10-09,0:38,US,2024-10-10
31,video,Why a Family Left Their House Designed for Category 5 Storm,Inside Edition,A Florida family is evacuating due to Hurricane Milton even though they live in a house designed to withstand a Category 5 storm. Their home is constructed with special modifications. The fixtures...,925550,2024-10-09,1:34,US,2024-10-10
32,video,YOU are Doing Combos WRONG in Dragon Ball Sparking Zero!,BltzZ,This is How to Combo in Dragon Ball Sparking Zero! Very solid foundations that will help Beginners and Intermediate. Advanced guide coming soon! More combos for individual characters and guides...,176135,2024-10-09,13:13,US,2024-10-10
33,video,I Made Him RAGE QUIT In Sparking ZERO! (ONLINE RANKED),DotoDoya,"RAGE QUIT ALREADY!? Sparking Zero Is finally here and to celebrate Im just playing every aspect of the game! Including some online ranked  where we may or may not get a rage quit , Some random...",334910,2024-10-09,41:48,US,2024-10-10
34,video,Honest Trailers | Deadpool & Wolverine,Screen Junkies,"Watch These Next ‚ñ∫‚ñ∫
Joker 2 Spoiler Chat and Movie Fight! ‚ñ∫ youtu.be/ZG27HmqFPig
The COMPLETE X-Men Movie Timeline  ‚ñ∫ youtu.be/cYwHDYB_rno

It's time to give our Maximum Effort to the...",762391,2024-10-09,7:57,US,2024-10-10
35,video,A COMPLETE UNKNOWN | Official Trailer | Searchlight Pictures,SearchlightPictures,"Timoth√©e Chalamet as Bob Dylan in A COMPLETE UNKNOWN, the ballad of a true original. A Film by James Mangold. Co-starring Edward Norton, Elle Fanning, and Monica Barbaro. Only in theaters...",2582481,2024-10-08,2:25,US,2024-10-10
36,video,KSI - Thick Of It (feat. Trippie Redd) [Official Lyric Video],KSI,"KSI - Thick Of It (feat. Trippie Redd) [Official Lyric Video]
Listen Now: https://lnk.to/Thickofit_Low

Follow KSI
Instagram: https://www.instagram.com/ksi
Facebook: https://www.facebook.com/KSIOla...",2302224,2024-10-08,2:42,US,2024-10-10
37,video,11 members of same family killed when mudslide wiped out 'Craigtown' during Hurricane Helene,ABC11,"One family lost 11 people when Hurricane Helene devastated the community named for them.

Story: https://abc11.com/post/mudslide-north-carolina-helene-rain-wiped-craigtown-killing-11-family-members...",251747,2024-10-09,3:29,US,2024-10-10
38,video,Dragon Ball: Sparking Zero - Don't Make The Same Mistakes I Did - Tips and Tricks,SwanyPlaysGames,"Dragon Ball: Sparking! Zero is finally here! Here's some tips and tricks that could have helped me in my playthrough of the game. 


‚ïê‚ïê‚ïê‚ïê‚ïê‚ïê‚ïê‚ïê‚ïê Timestamps ‚ïê‚ïê‚ïê‚ïê‚ïê‚ïê‚ïê‚ïê...",90239,2024-10-09,10:44,US,2024-10-10
39,video,Hawaii's Logistics Problem,Wendover Productions,How balanced is your news diet? Go to https://ground.news/wendover to get 40% off the Ground News Vantage to discover stories you might be missing and see how your reading stats change over...,582665,2024-10-08,24:34,US,2024-10-10
40,video,Serj Tankian Eats His Last Meal,Mythical Kitchen,"Today, Serj Tankian is eating his last meal.

Subscribe to Mythical Kitchen: https://www.youtube.com/mythicalkitchen?sub_confirmation=1

0:00 Serj's Last Meal
2:05 Filming With Anthony Bourdain...",744393,2024-10-08,42:39,US,2024-10-10
41,video,Ice Nine Kills - A Work of Art (Official Trailer),Ice Nine Kills,"Ice Nine Kills' official trailer for ""A Work of Art"" out October 11th & featured in the new Terrifier 3 major motion picture in theaters October 10th.
Pre-save ""A Work of Art"": https://found.ee/INK...",137218,2024-10-09,1:00,US,2024-10-10
42,video,DRAGON BALL Sparking! ZERO Ranked Is Insane,SeeReax,"Dragon Ball Sparking Zero is finally here, and without hesitation I jumped into ranked.. It was, an interesting decision. IF YOU WANT MORE SPARKING ZERO CONTENT LET ME KNOW BUT LIKING AND SUBSCRIBI...",528293,2024-10-08,21:58,US,2024-10-10
43,video,Charli xcx: The BRAT Interview | Apple Music,Apple Music,"Charli xcx sits down with Zane Lowe to talk about all things BRAT.

Ironically, she wasn‚Äôt planning for this album to break outside the walls of her fan base. In the interview, they explore...",329639,2024-10-09,52:15,US,2024-10-10
44,video,"Every Time You Score, a Keeper Gets Added",ChrisMD,"We stopped at 10 so as not to embarrass them 
Check out Ben‚Äôs video: https://youtu.be/iHUydmGcl0U?si=KwoOUdvwSKvPO2Xw

Subscribe to Ben: https://www.youtube.com/@thecyclinggk
Follow Lloyd...",1067710,2024-10-09,29:00,US,2024-10-10
45,video,The NFL Needs to Investigate This,Isaac Punts,"3 balls dropped on apparently clean catches? Is it just a fluke or something more? Regardless, it's not a good look.",728093,2024-10-09,2:23,US,2024-10-10
46,video,Watch: Iconic Tropicana Las Vegas demolished with breathtaking implosion,WWMT-TV,"The iconic Tropicana Las Vegas took its final bow with a breathtaking spectacle.

An impressive drone and fireworks show illuminated the Las Vegas skyline, followed by the Tropicana's 22-second-lon...",60274,2024-10-09,3:12,US,2024-10-10
47,video,INSANE! 1ST Online Ranked Match! - Dragon Ball Sparking Zero,AfroSenju XL,"Dragon Ball Sparking Zero ranked is about to be a movie. Today is the start of our Dragon Ball Sparking Zero Ranked Match journey

Dragon Ball Sparking Zero Playlist: https://www.youtube.com/playli...",622297,2024-10-08,37:25,US,2024-10-10
48,video,"SURPRISED MY MOM WITH $10,000",Wendy Ortiz,,313263,2024-10-08,11:54,US,2024-10-10
49,video,CHANGE This ASAP in Dragon Ball Sparking Zero! BEST Settings,BltzZ,Dragon Ball Sparking Zero is a very fast paced game and these settings are important for getting you guys all squared away and ready in this game! These are all the best settings and what they...,394782,2024-10-08,8:08,US,2024-10-10
50,video,Robert Saleh Fired By Jets... | Pat McAfee Show,The Pat McAfee Show,"Welcome to The Pat McAfee Show LIVE from Noon-3PM EST Mon-Fri. You can also find us live on ESPN, ESPN+, & TikTok!

Become a #McAfeeMafia member! https://www.youtube.com/channel/UCxcTeAKWJca6XyJ37_...",442217,2024-10-09,16:37,US,2024-10-10
51,video_listing,Recently trending,,,,,,US,2024-10-10
